slide,n_tiles,n_tissue_tiles,original_tissue_macro_f1,tuned_tissue_macro_f1,delta_f1
R4-22,3267,551,0.3486001377577894,0.5300087288597927,0.18140859110200325
R4-23,9126,1010,0.4882190773186233,0.5471652330697836,0.0589461557511603
R4-25,2032,440,0.14432409938027915,0.517856895202433,0.37353279582215393
R4-27,6765,345,0.5652496626180836,0.6246341322405561,0.05938446962247246
R4-28,7269,580,0.34996932969520067,0.5648578811369509,0.21488855144175023
R4-29,11485,1284,0.5813225202343878,0.6536251545576951,0.0723026343233073
